user_id,text_id,pred_valence,pred_arousal
3,256,1.0439538214397441,0.6046146693508687
3,257,0.7535187764954401,0.9314594814106498
3,258,1.2382157946681518,0.9972380292679617
3,249,0.7750183415075506,1.3232752245741772
3,250,0.0736109364465879,0.536106083590894
7,349,0.022727980517264698,0.8688057623632757
7,350,-1.1970947147785427,0.12340454975383607
10,411,1.7250498675172796,0.3536813632868136
10,412,0.9641445266601542,0.1414400686529736
10,413,0.7712119454100073,0.07397556557481075
17,1090,0.03196703371293602,0.9658428291986205
17,1091,0.9064081408983006,0.7254402732465113
17,1092,-0.06083086516018461,0.8157758897916678
17,1093,-0.508823752487168,0.6282216586334357
17,1094,0.9322218945534456,1.226292056360455
17,1095,-0.1419785141626685,1.1364880457025943
17,1096,0.5370461170712506,0.6858347025683078
17,1097,0.7781946289441141,0.7256884507574262
17,1098,-0.03947129730059294,1.3764671213206592
17,1062,-0.11096898487963178,1.328622859088249
17,1063,1.0907024008555528,0.6869161117000624
17,1064,-0.9928015806394005,0.5939285770674504
17,1065,0.5555064101264706,0.8446560457658046
17,1066,0.17642450302139573,1.35246692261093
17,1067,0.9903542137556003,0.7265109606225996
17,1068,1.1381830509319977,0.6818305350597816
17,1069,0.9538620065511824,0.6542927113904392
17,1070,-0.9307896293937052,0.4579434365145683
17,1071,0.00481654072050984,1.358052032247807
17,1072,0.02144718677419008,0.8048540269144178
17,1073,-1.0700917684677551,0.744325805767144
17,1074,-0.48774587279531895,1.481358480028198
17,1115,-0.8855479064621739,0.6250924632796078
17,1116,-0.4850663253473804,1.0372193203276916
17,1117,0.7081914207752356,0.7624099059562727
17,1118,-0.6620350323526871,1.1225562943045528
17,1119,0.8868872312366152,0.4771652192557365
17,1120,0.9122744252761104,0.39569152963125337
17,1121,0.7508465899052199,0.43956573807663774
17,1122,1.2684959293362335,0.44632838223536037
17,1123,-0.19959810309615048,0.38199119156276695
17,1124,1.2244785891330894,0.6078171603096387
17,1125,0.8643528201943447,0.7619354632592396
17,1126,1.4813640180567682,0.3990359311842509
17,1127,1.4805609731694807,0.127288529474616
17,1128,0.7828916926256797,0.8306900506224307
17,1129,1.2326258706370803,0.7860607298968122
17,1130,-0.26908584160785776,0.3754919831302729
17,1131,0.21452767497506453,0.9173066676469037
17,1132,0.6974486719141383,0.7990028486716146
17,1133,0.05633854952029638,0.8560860177265589
17,1134,0.3126848847674044,0.6638255248496078
17,1135,-0.2965211046498041,1.0313795720854142
17,1136,0.5819672449724058,0.8600393560776153
17,1137,1.4570271421875485,0.2915352866056753
17,1138,0.9381089784084612,0.6334519445375405
17,1139,-1.124724201007286,1.057443010804076
17,1099,1.0016123138713209,0.6257390597639215
17,1100,-0.044121658281308616,0.26812249942005323
17,1101,-0.6529525118569024,0.17776365311807507
17,1102,0.8890713554940202,0.28222907722117885
17,1103,-1.3758875407321487,0.20291232014192806
17,1104,1.032613455347433,0.45984840465707855
17,1105,1.2980154449328571,0.23992909659152578
17,1106,0.7195208256102336,0.642063144704548
17,1107,-1.1641092441196388,0.2906156302865051
17,1108,0.7844266542645623,0.5480649668642228
17,1109,0.8052498557217,0.7582865008865404
17,1110,0.8896137290636497,0.36397197128918407
17,1111,-0.16772627728854017,1.1631531426737798
17,1112,0.5313281466386547,1.124951863317819
17,1113,-0.09351224530261676,0.8406613634056621
17,1114,0.1311593113354783,0.8149235943912151
17,1155,0.5174101386854983,0.7506203841369954
17,1156,1.3685254145504568,0.40321330616979256
17,1157,0.5951225145135368,0.41162233440125534
17,1158,1.4503365034517666,0.5243269904318593
17,1159,0.9984348062087604,0.6146383413967345
17,1160,-1.1307251566608174,0.6098846054364412
17,1161,-0.6124055585344701,1.590974166540394
17,1162,-1.4589068212651912,0.2862999826184355
17,1163,0.23696317494253255,0.6515728146740999
17,1164,-0.47572374095385944,0.5371573440331292
17,1165,-0.22325323097947436,1.3259187522472287
17,1166,0.3084373117976695,0.591363594982162
17,1167,-1.0465227891336597,0.5149234261979475
17,1168,-0.0949333977321817,0.6063794644876606
17,1169,0.6446387625264309,0.9398771682832595
17,1170,-0.6647543914670392,0.7481069453820137
17,1171,0.5444677010515624,1.0899700740421285
17,1172,-0.8865949508948655,0.5637051199926498
17,1173,0.7034809164611128,0.8324076005076677
17,1174,0.8165935649588638,0.5333709764157132
17,1175,-0.14577279328576734,0.7609242648884482
17,1176,0.40138776624295763,0.944604476666534
17,1177,-1.4554337687352414,0.3249038376747515
17,1178,-0.1855940997126337,1.0167027454179833
17,1179,1.1030120157828618,0.8811629878751192
17,1180,-0.182032082609801,1.0647966017826849
17,1181,0.010789435987842856,1.1192359099327343
17,1140,-0.8021489274838245,0.9219299715988274
17,1141,1.1083952010756906,0.48090377735475975
17,1142,-0.885423727194846,1.27911299438599
17,1143,-0.6871961925267884,0.929011590417855
17,1144,-0.7854587152171412,0.891345509537616
17,1145,0.4325378706245768,0.8263383178809668
17,1146,-0.6157859948113956,0.8581478484467906
17,1147,-1.281745392153261,0.33113347984528196
17,1148,0.0800773876580973,1.203664672567091
17,1149,1.2306213780445074,0.9766209696272371
17,1150,-1.005229673302412,0.4293326171657447
17,1151,-0.5197905759044855,0.4892828590626506
17,1152,0.8881046595156711,0.6676259939718996
17,1153,0.6299550672119738,0.9204594561145495
17,1154,0.22053824481545123,1.0029321442879036
18,1302,1.6508396359822126,0.9844343341294531
18,1303,1.752340942567499,0.30358824364766623
18,1304,1.6986161898317853,0.1688219520486272
18,1286,1.8137643733488116,0.43788692081636477
18,1287,1.8201268796608119,0.4309394372243397
18,1288,1.6584066195392102,0.5943165088562656
18,1289,1.6503223324260483,1.2441856535726985
18,1290,1.7924505225175782,0.8547755890836907
18,1291,1.8529260508149579,0.7642254442075554
19,1313,0.2584349169105988,1.2349731632274783
19,1314,-0.06640388650799092,1.2948863497975187
19,1315,-0.48590167634489245,0.8974509671548168
19,1316,-0.44889064145757895,0.3790273622305081
20,1319,0.3773714190787385,0.6715620378770628
20,1320,1.398375419122965,0.7382871439384298
23,1348,1.1048210198008772,0.6923999212923468
23,1336,1.45389162939709,0.45222662987390216
23,1337,0.008053069905487042,1.089464333569697
23,1338,-1.118251972792843,0.22739643824452865
23,1339,0.4609216185194177,0.762228348723833
23,1340,0.6090023212992326,0.7011621201004432
24,1415,-0.23995265232536073,0.33009183584418833
24,1416,-0.45578636795670535,0.28078395870281037
24,1417,-0.01454180301033614,0.3679726179954201
24,1418,-0.28785410575382897,0.7355484008840568
25,1490,0.038708348033144574,1.5752978409088698
25,1491,0.35240386416219716,1.3403661139522143
33,2209,-0.8364351141396069,0.2909519193059065
33,2210,-1.065847023551488,0.23611721606379132
33,2211,-1.234844032662,0.6121125104666323
33,2212,-1.3867108841108615,0.20553656984758129
33,2213,-1.455367760291678,0.20060865734707384
33,2214,-0.8095227214026064,1.060367530868386
33,2215,-1.4499051642393268,0.18998852717015374
33,2176,-0.001503980349697287,0.21006087777794696
33,2177,0.4274851683888877,0.5033695466473207
33,2178,0.9790142616484315,0.3819019649617414
33,2179,0.1507276502615189,0.8928334422249097
33,2180,-1.2998957656981198,0.17914158705327982
33,2181,-0.6950582302673054,0.2702133743645912
33,2182,-0.6221734999376808,1.03584160931922
33,2183,-0.7522871171094762,0.879197074589507
33,2184,-1.1110205549831556,0.24389330449745333
33,2185,-1.0211653956466997,0.2762890029002532
33,2186,-0.9920434670072612,0.2268094817009224
33,2187,-1.0033733106824896,0.24092020567284994
33,2188,-1.1511174571923777,0.1973004937087965
33,2189,-1.362393888341505,0.22024517047836228
33,2190,-1.1183915517987892,0.26872529944501183
33,2191,-0.25443530137133197,0.6076597528511226
33,2192,-1.0017345023618323,0.33512669751168733
33,2233,-0.5490296087178899,0.756419522194264
33,2234,-1.3451537812590422,0.2736662584503783
33,2235,-1.0655431919511436,0.22204399295283822
33,2236,-1.149503064461032,0.21224007617358803
33,2237,-1.2806182007602387,0.18468476946481238
33,2238,-1.243155475510361,0.1977795591116157
33,2239,-1.4262007657279736,0.20044339165200187
33,2240,-1.1049276657487068,0.2986792982822728
33,2241,-0.9096952456319103,0.21500329316630928
33,2242,-1.2536618134973334,0.25575044397764524
33,2243,-0.6972832087731236,0.24908168204915837
33,2244,-0.5693860072987679,0.4019118545890649
33,2245,-0.6641965602624635,0.7195760870934149
33,2246,-1.4094485790017164,0.261370438717453
33,2247,-1.3155989476914287,0.30143336614834293
33,2248,-0.9832183545167572,0.4034198459067772
33,2249,-0.15711877751706765,0.4602495587309193
33,2250,-0.14706421742445802,0.9174182609196742
33,2251,-1.0994785027234302,0.26321469799582564
33,2252,-0.8307908936963966,0.34630740430656015
33,2253,-1.150179633214354,0.1833759678679776
33,2254,-1.3024327539377867,0.19696418097672053
33,2255,-0.8395209286326031,0.33923577411546185
33,2256,-0.8140287209238325,0.4892699403836052
33,2216,-1.1459503248889744,0.22640017489917724
33,2217,-0.7950799614151063,0.4263559948680826
33,2218,-0.4774963755722339,0.05893848847355554
33,2219,-0.9604410045626639,0.3395025730247943
33,2220,-0.7525247285453966,0.33070909354767414
33,2221,-1.1919413731258883,0.3026607598193499
33,2222,-0.5552235864472994,1.1563233310687266
33,2223,-0.8926756453258419,0.5765350951705102
33,2224,-0.36021691317055643,1.1382378445253336
33,2225,-0.8243462161152744,0.7196647702202855
33,2226,-1.26878274403405,0.28795902372999616
33,2227,-1.4162158211718918,0.19206340243728082
33,2228,-1.3935917085640037,0.2923777699881921
33,2229,-1.1208243113683938,0.44475914946279577
33,2230,-0.5081450813755687,1.217262799990856
33,2231,-0.9914399544978469,1.3629295966221064
33,2232,-1.3841142362856451,0.1680390942455896
33,2272,-1.327042208941019,0.3543043681095954
33,2273,-1.3971836650772276,0.4186284232927956
33,2274,-1.1157465581885249,0.3756767984223982
33,2275,-1.0302063321512607,0.43349104600344124
33,2276,-0.6649812175400472,0.7772896720184882
33,2277,-1.2656931657506656,0.33048279154960847
33,2278,-0.7596519723292627,0.42631397469634513
33,2279,-1.0661012741532279,0.36211773092859256
33,2280,-0.31451209945084724,1.2369412931057129
33,2281,-1.1698269612154482,0.33492346359180636
33,2282,-0.2620022765602884,0.18763641784200036
33,2283,-1.0902168075770389,0.16271010868987013
33,2284,-1.4253302790345164,0.25386789686507594
33,2285,-1.24514450387983,0.2973435632113486
33,2286,-1.2900129551148436,0.2495231957662667
33,2287,-1.2878473454559725,0.21083057576533348
33,2288,-1.0988211030403348,0.46738789647782614
33,2289,-1.1495765674100278,0.1837958504342947
33,2290,0.6502934584401007,0.21418735571535918
33,2291,-1.417233593863485,0.29590213254457076
33,2292,-0.4722545290891547,0.3661640420467004
33,2293,-1.1296669251069682,1.0263133178586321
33,2294,-1.24023245909368,0.24613965047070718
33,2295,-1.5078471791869443,0.2720063387283972
33,2296,-1.0809132964404211,0.32342871881089774
33,2297,-1.3760582387816822,0.28257548930274823
33,2298,-1.2365722481729855,0.5891474147080271
33,2257,-1.3807851954099122,0.3007090175421282
33,2258,-1.1775414557819954,0.2890772168725514
33,2259,-1.0870762914434378,0.38148836744223313
33,2260,-1.249496479957996,0.2648204887357236
33,2261,-1.361297130227609,0.2161360476497104
33,2262,-1.2730032390384176,0.2124305651142202
33,2263,-1.358180328954913,0.2771025414435261
33,2264,-0.7473061461182917,0.44359999865181204
33,2265,-1.1823952346778233,0.1697847123190025
33,2266,-0.8226821874644591,0.43943365548144986
33,2267,-0.531180989075888,1.501924272663881
33,2268,-1.4427464424340724,0.21126311843024137
33,2269,-0.6648841825351032,0.352759484499623
33,2270,-1.4852249318462338,0.2356838930711871
33,2271,-0.7255007654610369,1.0040171954290416
34,2367,-1.0216377852411507,0.9793357320288232
35,2410,0.886232322898889,1.7057154347345822
35,2411,0.41042283592281337,0.7935602698874787
42,3830,1.2838776830647431,0.4906684879646178
42,3831,0.44903269702683557,0.8714906472281521
42,3832,0.008667715048316989,0.91444524333757
42,3833,1.0141140943861142,0.8855179093783896
43,3994,-0.6702382563085694,0.7729254183055927
43,3995,-0.7107073643367389,0.4883439362232896
43,3988,-0.3251839703584576,0.7224532933298191
43,3989,-0.31118846451867455,1.4884203698714145
54,3540,1.3861502529847334,0.7155804669217389
54,3644,0.7706567177333135,1.469780894917975
54,3725,1.2091692310549385,1.0590332286736495
54,3834,1.2857149122961404,1.044216683932767
54,3913,0.4832050624323602,1.3018333214950355
54,4016,0.984409230672829,0.7925889979808142
54,4077,1.3729256034104114,0.7965501824022944
54,4164,1.42210185085088,0.8413573612993969
54,4228,1.466601171354213,1.0556602897387872
60,2588,0.6448121121747205,0.8531900496272875
60,2599,1.1036761168661253,0.5500358325593601
60,2610,0.9519253626111923,1.4679094265808763
60,2621,0.6636318832281036,1.4828475364223834
60,2632,1.7552071062216876,0.35559635752424223
60,2643,1.6963790945469783,0.4647027112773108
60,2655,1.7256273236351543,0.7724346872959333
60,2666,1.4362386547374548,0.46737443869782996
60,2870,1.68981742384027,0.8433984945129087
60,2881,0.9681521018819711,1.0252033827188562
60,2891,1.172287107839813,0.49274176968855055
60,2900,1.8143822948420296,0.5142115785605176
60,2911,1.418209887577236,0.8076572741115098
60,2922,1.7486155158080985,0.4689897661449224
60,2933,1.411157204070468,0.9650361579234431
60,2940,1.369348524369653,0.7611344862770967
60,2942,1.2888560346216855,0.14493443186741395
60,2952,1.5809545487505607,0.4859321280351724
60,2953,1.2708778227650677,0.8445044088538184
60,2959,1.0006367637899471,0.33135101658108335
61,3069,-0.42284456359461964,0.3082649983956529
61,3080,0.7488043602869864,1.2689758665000195
61,3091,-0.7855029825012888,0.4412104753392863
61,3102,-0.3112931260882458,1.3738645728616756
61,3113,0.3992684770768744,0.5620732184567078
61,3124,-0.686922826790783,0.7841715503138778
61,3136,0.4275483330113778,1.3370674742301534
61,3146,-0.03626824305157869,0.6892011008773515
61,3157,-1.3025168225248758,0.4618485717983053
61,3168,1.2060511886847758,0.8338405687769332
64,4710,1.701450287606189,0.31917069407708665
64,4711,-0.09279297287385224,0.7798976253580291
64,4712,0.5416255248449549,0.607167082379173
64,4713,1.2012909162644894,0.5016253547992695
64,4714,0.992827986509639,0.5430470408303559
64,4716,0.835391920396586,1.4441375506031788
64,4717,0.5232246823168532,0.8628593742848947
64,4718,0.3653864111996331,1.0431414294777872
64,4719,0.8450965166772182,0.8626615298444646
64,4733,1.3088944467426202,0.6059824124313308
64,4734,1.0046359922369879,0.7090072427914926
64,4735,1.0004981490257963,0.6861296833470614
64,4736,1.0814439599616843,0.14031744483273823
64,4737,1.049829286324785,1.1363448436172738
64,4738,1.7149692354325146,0.9911601509808421
64,4740,-0.4322446815271629,1.0494400821998153
64,4741,0.029644140250415004,0.5433688369878485
64,4742,0.9229632016816282,0.9085167166796337
64,4743,1.39979137069447,0.7362759511876555
67,4806,-0.12709283118497758,0.8489153818594569
67,4807,-1.0609567951520529,0.06458516059060937
67,4808,0.5413640505059976,0.5977861661646109
67,4809,0.16630890886423855,0.5988494823899535
67,4810,-1.2185416441870285,0.09276336241687189
67,4811,0.3813497485570285,0.8621164666623617
67,4812,-0.0834672577473743,0.7738584033250628
67,4813,0.6578059822247412,0.5596043500540104
67,4815,-0.9946315384849117,0.21800371730963453
73,5022,-0.003046897956750373,1.0724045016549144
73,5023,-1.0767062731975583,0.14117218529396114
73,5024,-0.5955897414218057,0.620699869103199
73,5025,-1.5642529082899634,0.2429014026928099
73,5026,-1.183306432715456,0.28440269776139315
73,5027,1.2720291580311103,1.436667186453097
73,5028,-1.596765624329535,0.21224593947861037
73,5029,-1.3026939273584681,0.35221198530215614
75,5062,-1.2534658852159284,0.24715116421291194
75,5063,-0.927281541809101,0.27252776543793633
75,5064,-0.9770482501616018,0.6467187857482088
75,5065,-1.2254108269766615,0.6986216924864898
75,5066,-1.2603536159505364,0.2873957275461141
75,5067,-0.20295214945934092,0.1537249961392455
75,5068,-0.4833168303500036,0.5124488806845695
75,5069,-0.19327029418610164,0.957895948882703
75,5070,1.0710339995140314,0.42399609224082957
75,5071,1.4273538681609619,0.34069525403967527
75,5072,1.2499431913811931,0.21100779950962212
75,5073,0.37364614528628015,1.4193270167488024
75,5074,-1.4183601282817406,0.03158619961360354
75,5075,-1.4359673346345567,0.12071481416733276
75,5076,0.05121241051134193,0.42086492975227696
80,5193,0.3891683638455241,1.4975820342499007
80,5194,0.15361953834366548,1.822419084774702
80,5195,-1.2016511119973823,0.9773930256758481
80,5196,-0.9231098851951853,0.8968366876939058
80,5197,0.3041527278289099,1.9609565805568927
80,5198,0.9103882692167767,1.3589346887015783
80,5199,-0.7984143072525302,0.7396398561193931
80,5200,0.3275423038975034,0.7445843200257755
80,5201,0.7525701010095656,0.5328733608589584
80,5202,0.9242782487926389,0.4552903770360317
80,5203,0.2720484551236805,0.8346295601530908
80,5204,0.44857418017681516,0.6308082536200189
80,5205,0.9009848486913965,1.61592052405994
80,5206,-0.3330949574157539,1.4920258526320658
89,571,1.3080197078278502,0.8376285252576188
89,572,-1.0247686432736796,0.16654772970462206
89,573,-1.0879059858316609,0.291442246053944
89,574,1.3582324326183084,1.1920887147731565
89,579,-0.15175317060983012,1.6023046663929512
89,580,-1.3862965741187914,0.2582136984065968
89,581,-1.5666317708562856,0.3028845176493865
89,582,-0.7839368154438139,1.4178946168766349
89,583,-0.4796536625530197,0.7382359139736671
89,584,-1.5210721932236646,0.12955617664841612
89,585,0.9691507337649877,1.1283958208050822
89,586,-0.6016186663380639,0.8359525299575477
89,587,-0.4010602253407676,0.3963709810777981
94,970,0.5963811445739713,0.5803090239732699
94,971,-1.5768728769296498,0.16731630821547483
94,1182,-0.09950977877939679,0.7667448313566392
94,1183,-1.3407516757972597,0.760738168038688
94,1184,0.13880615339181376,0.568184262195425
94,1185,-1.1343704169076159,0.6989844905794336
94,1186,-0.11188279108667248,1.8146701924845927
94,1187,1.1678030111283273,0.27627381376546056
94,1188,0.46792291161447325,0.5768867662457426
94,1189,0.1860071034981693,0.7966324928920694
94,1190,1.5276064324332077,0.8146023519166994
94,1191,0.13465699567687722,1.4252118778033362
94,1192,-0.8812512493947737,0.5526045068131153
94,1193,0.0217264281126541,0.9234695703748399
94,1194,0.7032032684028346,0.5641431200548093
99,1390,-1.0860149860316428,0.23154962611078522
99,1391,-0.4769377210785597,1.5189590078993358
99,1392,0.45368221969261635,0.785148010001493
99,1393,-0.6088447189191133,0.32824898424116544
99,1394,0.6648517448283136,0.5614494447413255
99,1395,0.29783028821145113,0.8094921319727816
99,1396,0.0008154630421286085,1.3489652836331905
99,1397,-1.2146315023183964,0.32071782825701833
99,1398,-1.3833318950902633,0.1634212778866061
99,1399,-0.9602577568890825,1.682339788269908
99,1400,-1.0928484586642533,0.16065561052920863
99,1401,0.02389135023987468,1.4898285326131022
99,1402,0.2646552928948795,0.2758937340617087
99,1403,0.09386337115196354,0.5897715940951609
105,1796,-0.16544819196302976,0.5522092028105932
105,1798,-1.1937895218560957,0.5164801081679453
105,1799,-1.313644671329114,0.025580261706434904
105,1800,-0.7061127149479718,0.8531363764852461
105,1801,0.3266627504098981,0.7248540280270144
105,1802,-1.3048314693931584,0.19796050181514002
105,1803,-1.1987113552612514,0.08984199595150988
105,1815,-0.3996547230741318,0.5239841171651405
105,1816,-0.7925259382732981,0.3997862892372205
105,1817,-0.18631442148630054,1.0770019200013532
105,1818,0.03380806580639538,0.8576787497393035
105,1820,-0.5035429609361638,0.3465017920217357
105,1821,-0.26274949157151717,0.7611279518470035
106,1832,-1.1512107896192778,1.2114916422483084
106,1833,-0.8929368273844487,1.1575740295837549
106,1834,-0.7760510348400153,1.375724618712976
106,1835,0.07752752743060289,0.79063036119829
106,1836,-0.518470115248358,1.0649638988909356
106,1837,-0.015670781186619714,1.6136567182811232
106,1838,-1.07163343483305,0.5589867625431078
106,1839,0.8924442508257011,1.1091096192737955
107,1859,-1.554261478869789,0.3994199149710216
107,1860,-1.1126718005077894,1.052670607549983
107,1861,-0.15554795156642975,1.089930953635495
107,1863,-0.25389188882103203,0.32716798693115656
107,1864,-1.2583282354336855,0.7053843273140505
107,1865,-0.28515734578265406,1.1631830170127506
107,1866,-1.5201680223511747,0.37050184042704537
107,1867,-1.5229140097721647,0.2114739679499349
107,1868,-1.325962464901692,0.5415162401259048
107,1869,0.3167354662639231,1.2127424699474962
107,1870,-0.015149236693886903,0.847164633765854
107,1871,-1.5954500847821342,0.2091952156006921
107,1872,0.2505397154416148,0.5374906665399621
107,1874,-0.6941436056266781,1.490683957412745
107,1875,-1.5838335896782336,0.2219689681920083
107,1876,0.20797569221159568,1.5835180861104998
107,1877,-1.1473800006074235,0.5883734474395549
119,2478,1.2507927593376702,1.0003521588932598
119,2479,1.0279648703775364,0.5728694600999982
119,2480,0.138856819179151,1.1261029408041672
119,2481,-1.2776183734283437,0.9328596005532042
119,2483,-0.31200207386911344,0.6299686403796874
120,2510,1.3606490881108346,0.1968349961631296
120,2511,-0.3788912247626154,0.4077621852477278
120,2513,1.5607855352306035,0.4145673207361632
120,2514,-0.9187169707951357,0.19109429909992148
120,2515,-1.1464185262968876,0.3652917653324669
120,2516,0.7603345693369576,1.3633416836770405
120,2517,0.5619629155549225,0.17756520000093756
120,2518,-1.4098913820003323,0.10632101625305634
120,2519,-1.4377566147645724,1.6172346267043145
120,2520,-1.1023123148300902,0.5541344166457626
120,2521,0.3177825486509821,0.6868283524344772
120,2522,0.7503157832978198,0.33266544357603045
122,2601,0.22953309436962918,0.8654816829803478
122,2602,0.022176442561846643,0.6980351547878776
122,2603,1.7687261789047106,0.18961184311503332
122,2604,0.06381849200809141,0.9915127345613847
122,2605,1.1150555644237312,0.36633499551055726
122,2606,1.0685009576111946,0.6802154502583988
122,2607,1.6548594290184673,0.7080547193191628
122,2608,0.10759353245675309,0.9706349029967408
122,2609,0.27693863615359465,1.6936212345752844
122,2611,0.37987026806442026,0.6276881641339518
122,2612,0.30951341906699453,0.9143505278232815
122,2613,1.0469438872066608,0.7261307726677404
127,2926,0.3836087508492609,0.7353064178849585
127,2927,1.3044282437706767,1.224743677936445
127,2928,-1.4367775302330634,0.8549550874933319
127,2929,0.35385647494585615,0.7072072617228542
127,2930,0.557397674775211,0.9756799219558367
127,2931,-1.1188096195329742,1.5102216861839266
127,2932,0.33999601182235095,0.7504956913551528
127,2934,1.6868309809391298,0.7849068215818534
127,2935,0.2894444742309219,0.967813339506895
127,2936,-1.068877756978527,1.4582897790937879
127,2937,1.4097642861420194,0.9637782824969291
127,2938,-0.26309632068234373,0.893319606589699
127,2939,1.2488847901413453,1.576028112403253
133,3110,1.3406408964333212,0.9999277626630878
133,3111,1.2688188481330958,1.175540705947841
133,3112,1.570518634999648,0.9866340575394725
133,3114,0.8208586052651775,1.600219595766088
133,3115,1.5963975672925852,0.964296374315981
133,3116,1.504725916403114,1.0244146320298713
133,3117,1.7328980102347473,0.8919915794971937
133,3118,1.632392390936341,1.0199234974143436
133,3119,-1.0949335472129784,0.9384360839406645
133,3120,1.7016015613351005,1.0403976279405986
133,3121,0.7208043734127714,1.0007994789766461
134,3139,0.7433073242819265,1.6014089319246703
134,3140,1.6262942917891556,0.9794690685107136
134,3141,-1.2367488253805061,1.0084794967432011
134,3142,-1.3671597025227817,1.4592626655869079
134,3143,-1.0328135937044645,0.9362748101034992
134,3144,-1.5476562278867088,0.46224180494407074
134,3145,-1.3571477919189023,0.4267763759410792
134,3147,-0.6852873699966454,0.9148309421870343
134,3148,-1.4803385077072335,1.0288072644452484
134,3149,-0.2599805531057505,0.6713989192795722
134,3150,-1.472524347518891,0.5053357232884035
134,3151,-0.7891849913442522,1.1311255027075413
134,3152,-1.2953638350909473,0.7558301192594877
139,3509,0.7795257687819258,1.1821945034509076
139,3510,1.4670444848768573,1.0006413239606027
139,3511,1.0792836768284944,0.7497304223592653
139,3512,1.6091858017322007,0.861021534496565
139,3513,-0.8485553109456796,0.8536230393792771
139,3515,1.1027612918228624,0.3763440137120865
139,3516,0.5448053223950023,0.5952887539943978
139,3517,1.1559347599861856,1.1017163566054406
139,3518,1.527886681616785,0.12820634674482867
139,3519,1.3423001412951159,0.30954230518934367
139,3520,0.9719088767962453,1.0523901091500838
139,3521,-1.2150876855590926,1.0978593718899181
139,3522,-1.1858750377786866,0.6634070019900491
139,3523,-0.6430313439666532,0.9387950438856162
139,3524,-1.3783100203215064,0.666994979551585
139,3526,0.520560551346341,0.45354147556812585
139,3527,1.3204172692009943,0.05372262283385998
139,3528,0.8410332116644892,0.61290336976347
139,3529,0.2513934705534729,0.8012892821298501
140,3554,0.16558452147145902,0.908205904279748
140,3555,-0.8162602593630184,0.2909286062763561
140,3556,0.7957048359904406,0.874574828593132
140,3557,-1.2671088343429495,0.27445003560767944
140,3558,1.0832478925671996,0.47450733935096434
140,3559,1.5325240200676677,0.5405673247597305
140,3560,1.5295322507751616,0.5069503089521903
140,3561,1.3680647752554795,0.14146364980252768
140,3562,-1.2542235539970215,0.383121746365088
140,3564,-0.4935896065761518,0.3362329661340995
140,3565,0.9694775942014477,0.7159310562350254
140,3566,0.7617775241957945,0.3600393715724005
140,3567,0.02601183156331907,0.5494398002808126
140,3568,0.9774719856605449,0.47582046103136794
140,3569,0.9393621364806591,0.44732075424637024
140,3570,0.573468238936241,1.004083268180524
140,3571,1.6957137749855096,0.14604344984733875
145,3696,0.08992206662213606,0.5500905139931351
145,3698,-0.15759772693168042,1.73679978009826
145,3699,-1.482257056819573,0.1416024008052933
145,3700,-1.3465867385079937,0.5961922166877593
145,3701,0.4721341648536116,1.0393207117697525
145,3702,0.6084538577972347,1.6067865687671103
147,3752,0.11237495407746682,0.8324782738993259
147,3753,1.1373920958841002,0.681538403735767
147,3754,0.31488298102526746,1.0170549146156649
147,3755,0.1666009422351928,0.8496467121637699
147,3756,1.581898343460833,0.19312504957528243
147,3757,0.6085772318415567,0.5534254500580977
147,3758,0.4074176868545344,0.7945819427128002
147,3759,-0.20134337474564076,1.0157467365260509
147,3760,-1.3648641189727284,0.12449945414202446
147,3761,-0.1758770723093982,1.24183528034914
147,3762,0.6540994164426328,0.7326786020540434
147,3763,1.1373738594824112,0.27936746651365174
147,3764,0.7209197241314502,0.798616494349006
147,3765,-1.3797472899056875,0.24768934273503773
147,3766,0.5912226378111862,0.815396664968758
147,3767,0.3528708304210689,0.6009230762701394
147,3768,0.30923146420866576,0.7722772291073766
147,3769,0.06284496671715085,1.274751922790087
147,3770,0.16879377895717415,0.5931172435341214
147,3771,1.4122279892770382,0.26010437804132547
147,3772,0.5064898952670971,0.6942917953861196
152,3876,0.2049886879450186,1.0191041501517872
152,3877,0.8970808883550913,0.7827563821704809
152,3878,1.484945300649054,0.4393735187145039
152,3879,0.9566224908208492,0.782159889556108
152,3880,0.4579431899901792,0.7590927853311262
152,3881,0.4628292466454366,0.8749870704394034
152,3882,0.17694624107289303,1.236365844195567
155,3950,-0.3673044321006463,0.931954793242127
155,3951,-0.8953259338121808,0.2637353489363642
155,3952,-1.1849390474082353,1.1406352664574346
155,3953,-0.3678290482576003,1.7933059659983834
155,3954,-0.33306391614770053,0.06367853412713709
155,3955,-1.2342404933154922,0.023232296426994092
155,3956,-0.08395633184696549,1.0492944794051535
155,3957,0.33756415059376127,0.3419745235772065
155,3958,0.8138236482946152,0.2762939467576222
155,3959,-1.23002662833605,0.13808527804646287
155,3960,-0.8871652769345602,0.022334609445560205
155,3961,-0.5700158301764907,1.060622160879858
164,4196,-0.3545876445354253,0.28636966037590705
164,4197,0.21769785699387095,0.9716224883809903
164,4198,0.2214202982476058,1.0891107951459986
164,4199,0.5054749617481108,0.7689117824125744
164,4200,-0.3460012613560368,1.080785060859234
164,4201,0.04989589045224173,0.9654677321200599
164,4202,-0.3476869308541754,1.1013018303433157
164,4203,1.2579716337080247,0.9975251929684116
164,4204,-1.1328168200327546,0.8047007988602652
168,4270,1.4752978845248903,1.0285337876341678
168,4271,0.9376853137525432,1.039706892108679
168,4272,-0.2860354337463419,1.4294354722061964
168,4273,1.6404902589596742,0.7090505523916225
168,4274,0.22513252914597734,0.8057195857565282
168,4275,1.511385158030556,0.9169744114138879
168,4276,1.5617152415114723,0.6952550998058487
168,4277,1.6280028168475844,0.9356670255450299
168,4278,1.3600662713107656,0.9881555877746439
168,4279,1.7614561202395054,0.9745425754762755
168,4280,1.6288284301530058,0.9270738553980737
168,4281,1.1800789443433999,0.6628942804012063
168,4282,1.6935703773302018,1.0249447888172865
168,4283,1.1790859627660275,0.5057613029717245
168,4284,-0.6505472651506423,-0.0017144505565128698
168,4285,0.9675310239767863,0.4020183815081788
169,716,-0.10402694028625577,1.3609414781401081
169,717,-0.9078206194699501,0.28001600723407705
169,718,-1.533918374290933,0.14558028031032233
169,719,-1.0140738689643434,1.2467722349624177
169,720,-1.2029981328425086,1.020601264131517
169,721,-1.4596368250308978,0.3543246249569467
169,722,-1.026246189933059,0.7585127770813916
169,726,-0.4330880043501598,0.9857374338884709
169,727,-1.3532445114589224,0.27651821970190205
169,728,-0.598526833731333,1.031170299292807
169,729,-1.2289230509627849,0.873942622970584
169,730,0.848467311007251,0.5931302775904231
169,731,-0.17087125734015043,1.3660973211914205
169,732,0.8489757215944419,0.27627681613988464
169,733,1.6040406804031078,0.5927490329622608
169,734,-1.1937399192514735,0.0992379571346752
169,735,-1.271007046994013,0.10674682965059223
169,736,-0.028699456406988816,1.2471982257161072
169,737,-1.4471221995808068,0.11097625436487979
169,738,1.0377831867611984,1.1268702827123713
169,739,-0.3575854172621964,0.2693229511352082
169,740,-1.5024918948498667,0.10181023550668877
169,741,-0.6100326876426387,1.352337268805129
169,742,-0.3109665417430274,0.7657179355019202
169,743,-1.2006583548656828,0.21458801682976747
169,744,-0.3920354918935147,1.006541151892403
169,745,-0.8671846642973691,0.3663337045730062
169,746,-0.9240521172760793,0.15236192652264513
169,747,-0.48295555260289263,0.9138932478635357
169,748,1.4118469519136423,0.42520722386662213
169,749,-0.9981768045070937,0.11333874835723667
169,750,0.5555964608265553,1.2198726883581545
169,751,0.9539199722423988,0.916673175167242
169,752,-0.5388362193067101,0.2169993360797129
169,753,-1.3587997702502275,0.24854916056754428
169,754,-1.530459887230966,0.19721986498115696
169,755,-0.506883752431535,1.0385264461058836
169,756,-1.343963606895506,0.0831967137754206
170,4343,-1.0558434743923635,0.9093031285302261
170,4344,-0.42212485049867987,1.4946673439519325
170,4345,-0.827116234740005,0.3381740969570374
170,4346,-1.2325561384299748,0.29129944284176956
170,4347,-0.17896374226882217,1.421137559761675
170,4348,-1.1448014246046512,0.5698265974754515
170,4349,-1.1267734038993127,1.013772917979546
170,4350,0.7440856357560186,1.622243133051216
170,4351,-0.05410809627215287,1.4124716053312152
170,4352,-0.9982402344313002,1.6478203657902526
170,4353,0.658443759353089,0.6762472410811874
170,4354,-0.6193271311610262,1.2607842997132845
170,4355,0.880097089015349,1.3608769848552709
170,4356,-1.1727311697610159,0.9159053759442384
170,4357,-0.11850743516164103,0.9949485268061761
170,4358,0.7815960559640298,1.368973117388614
171,4380,1.1635950587552684,1.5074000488274466
171,4381,-0.8226858032173346,0.39540799735502064
171,4382,-0.44047369699271943,0.07365088571326972
171,4383,0.3985442973206218,1.069801781726713
171,4384,-1.341034413399643,0.15638540786058885
171,4385,1.6112472525206043,0.29710079402398804
171,4386,1.092314505863055,0.5936231923438999
171,4387,1.3348415488021765,0.5255344662383479
171,4388,-1.214668654318323,0.19904638022067345
171,4389,-0.7069309010487829,1.3282005778527195
171,4390,0.7112311279620933,0.7350104849090753
171,4391,0.6184316415078923,0.24092553359677815
171,4392,0.640725137893888,0.8218163340583218
171,4393,-0.9744289261166537,0.4079034637359745
171,4394,-0.8334503516498921,0.40646571841936974
171,4395,0.6413088210239575,0.9955920719482598
171,4396,-0.30065970785744667,0.623235895137943
171,4397,1.6473078684666091,0.7843992827953088
171,4398,-0.9762608934890711,0.4830670401361289
171,4399,0.7479685203984956,1.7402628509031888
171,4400,-0.22550585722484895,0.04168385724621326
49,4873,0.8808507856569606,1.290994689717854
49,4874,0.01211186530482719,0.5588175348024109
49,4875,-0.13641066699041476,0.6193730071620804
49,4876,-0.5659979105708128,0.3563863693574192
49,4878,-1.109023352080448,0.11278129405137116
49,4879,0.25567009029624066,1.0057282473945397
49,4880,-0.8796582025984547,0.30367248942287567
49,4881,0.3037697060893346,0.8213959168523886
49,4882,1.7940936354553805,0.9544445282462083
49,4883,0.35551476037785745,0.9218259798370073
49,4884,0.681872158334512,0.8387729791009677
49,4885,0.7182295008416291,1.0202019773380442
49,4877,0.29163932229416556,0.8423012073873167
49,4887,-0.4790572585500964,0.2621053082346343
49,4888,-1.224252653026028,0.22872423727854135
49,4889,-0.37170824162176624,0.7668457403180162
49,4890,-0.8014735909457538,0.6335190689140564
49,4891,-0.7046977699833016,0.6229641352327433
49,4892,-1.0643533102572558,0.33895097049939266
49,4893,-0.7197981447763636,0.38749919764805163
49,4886,-0.5830200791309282,0.48021389084788463
49,4905,-0.9444583445279748,0.4665122496894415
49,4906,-0.46088288415601264,0.5754517604166565
49,4907,0.21742432366055953,1.219617503432334
49,4908,-0.6180982359823819,1.5095059706713245
49,4909,0.111172776300244,1.6332034937121036
49,4910,0.1858504859632114,0.9844157993180728
49,4911,0.18094319677361037,0.8819457396580686
49,4912,-1.0309219806405066,0.7546795666719832
49,4913,0.3441942118542125,0.994930877027512
49,4914,0.6616227944584484,1.4959047137817427
49,4915,-0.538653884325133,0.4300538673378229
49,4916,-0.7478440829545531,0.30755255952745797
49,4917,-0.9631739835476336,0.44622623854316734
49,4918,0.26908881889683556,1.0079550842096214
49,4919,0.49551392132676764,1.5661070608129384
49,4920,0.5668390057915778,1.202165191711904
49,4894,0.1268091277367144,1.0459228290676785
49,4895,-0.05585102213011686,0.6048137883746657
49,4896,-0.730698925654702,0.5324718260274027
49,4897,0.24504880625940292,1.0275145824500211
49,4898,-1.1149287736310398,0.40643468428279805
49,4899,0.8044532894436687,1.6854423633254485
49,4900,0.47174861426558884,1.7895998533133661
49,4901,0.30925595537234707,1.2888389625367922
49,4902,0.16246076003598858,0.9039830078564086
49,4903,0.16528036645123978,1.533308666207832
49,4904,-0.6854373006292933,0.5156754862229669
49,4932,1.3396106900904199,1.4775749599069221
49,4933,-0.40238573087318213,0.855783394974058
49,4934,0.04835524464489932,0.8600335017346425
49,4935,0.20287236270861608,1.819288284055197
49,4936,0.3064783973433248,1.473074777353115
49,4937,-0.8993343901387307,1.1188200030826017
49,4938,-1.1208707031092948,0.42389070146289315
49,4939,-0.6865125578151913,0.5878294244922924
49,4940,-0.0011134396668904395,0.7465837461082601
49,4941,-1.2563051686352955,0.2507366740963576
49,4942,-0.8346956210738686,0.35605027710489073
49,4943,-0.07961681562605756,0.884183809232231
49,4944,-0.19530745147958953,0.7720867151843631
49,4945,-0.5626540093964412,0.554048225017051
49,4946,-0.07112347365339997,0.809548557567225
49,4947,0.2267942744827875,1.1052629627912407
49,4948,0.20933462831153676,1.2362080567170077
49,4949,0.3279496476142084,1.8882757169533904
49,4950,0.15848070206464712,1.415586748932581
49,4951,-0.17556676519362574,1.7874796761905825
49,4952,-1.0611083240010641,0.48776802539719605
49,4953,0.0014877931027670876,1.8787538319466952
49,4954,-1.124352769012504,0.3486537026802632
49,4921,-1.341566815446433,0.3541292886027615
49,4922,-0.3957942424270874,1.2545321012021173
49,4923,0.2798679538953549,1.0760847221428786
49,4924,0.1906982648666775,1.0254851427419307
49,4925,-1.0883297879406397,0.5582922240953083
49,4926,0.4424724527795272,1.3298466216490976
49,4927,-0.15663231931467297,1.0822181633399826
49,4928,0.272682484432709,0.992687332744149
49,4929,0.7076810285137789,0.6302314834443034
49,4930,0.13267017605815756,1.015566939564191
49,4931,-1.2831881911995238,0.3537860116676359
53,5224,1.5003087708733214,1.0796959020121522
53,5225,1.4818057971797631,1.4350471106234797
53,5226,-0.7357474458731583,0.25816025840396384
53,5227,1.1401216981092088,1.475809628393394
53,5228,1.4472512085664055,1.0231057990813468
53,5229,1.624405563998401,0.19525678106305366
53,5245,0.5612100654427449,0.347390153086022
53,5246,1.5512627680451272,0.19110686620294992
53,5247,0.8766802649155003,0.9414878904059301
53,5248,-0.03579980968019551,0.368354678119308
53,5249,1.7539091678361898,0.26600293431561994
53,5250,1.3349728176092825,0.7657142293101866
53,5251,-0.3770021221913237,0.2104325160894601
53,5252,0.6140470874928079,1.563121454020429
53,5253,0.21566505410826797,0.7741039308357038
53,5254,0.9353367886819375,0.46184876928653457
53,5255,-0.17797740925608907,0.5822056544213755
53,5256,1.1548744196193417,0.9413822533639424
53,5257,1.5282488564388148,0.9808078002433142
53,5258,1.513573109398178,1.398904827790469
53,5259,1.6553855052248891,0.9828946000702439
53,5260,1.7362038326561062,0.9168306058318001
53,5261,1.7079006239932535,0.9290988917828733
53,5262,1.6204013705753737,0.2556100856653736
53,5263,1.5554625701709903,0.1660599178552164
53,5230,-0.3906411886201926,0.22413273461153357
53,5231,0.5739314999060197,1.3293192908389337
53,5232,0.2841880752206463,0.6007011663334811
53,5233,-0.6932017781425012,0.38127930828653145
53,5234,0.06953170963049785,1.29654395566921
53,5235,0.9748569931167477,0.8311428478071801
53,5236,0.03512115797393073,0.34218687046305346
53,5237,-0.9928438887609847,0.06277354469910934
53,5238,-1.2070575896949136,0.05309540749297326
53,5239,1.6235097044062474,0.998232718593181
53,5240,1.7351133996641135,0.24328517286655255
53,5241,1.5591976073442761,1.2133290078988623
53,5242,-1.0322086020927694,0.08897205849635453
53,5243,-1.2761603945013047,0.09017354288445412
53,5244,1.7131250121721904,0.5923616373261494
70,4840,1.2829241204027946,0.9697688085240972
70,4841,1.4161277488805997,0.6977575280129926
70,4842,0.44196175406240595,0.4245660478305898
70,4843,0.9580585500795561,0.2638191143883908
70,4844,1.3469463134731274,0.8554403849481569
70,4845,0.7268874962168138,0.724987090823005
70,4846,-0.3202555761521789,0.526728792363018
70,4847,1.069374702400582,0.9717077521032826
70,4848,1.1885510887505901,0.9202480230753007
70,4849,0.7025885849964801,0.6246097245427668
70,4851,1.6270290696109078,0.8206448620125046
70,4852,1.3120805010398418,1.1661520679431898
70,4853,-0.07060987439365167,0.789493801528209
70,4854,0.6398652583275714,1.4015743457342544
70,4855,0.718107880112874,0.7319176702377773
70,4856,0.766741040544256,1.1524589100332168
70,4857,-0.0033597610045030812,1.711649800566068
70,4858,0.6768181268571672,0.4615463538293459
70,4859,0.2914210008836895,1.32346935211969
70,4860,-0.37820656103950595,1.3941620865786803
70,4861,0.5685464801232017,1.3047250026936215
70,4862,0.9722859074790458,0.8428815036422386
70,4863,0.909396841420933,0.42221541053204825
70,4864,1.0128705350832246,0.9149620187711738
70,4865,0.39136858290764404,0.771168452652859
70,4866,1.1389238718761014,0.7250976857285627
70,4867,0.5575280161480942,0.8932738674807125
70,4868,0.4330957304835674,0.692780053209515
70,4869,0.45565067038601553,1.5140746412436683
70,4870,-0.36435130282938877,0.40534069035170206
70,4871,-0.43261640226311837,0.5690785276540783
70,4872,0.14729949358396274,1.6981082418672226
70,4955,0.4671680920887815,1.2508791540547424
70,4956,0.030622048500324517,0.7370397876038466
70,4957,1.5292026184330927,0.34866816684657076
70,4958,1.4103676484317123,1.1236569103161598
70,4959,0.1735299082523208,0.5940172389276198
110,1929,0.6219508961091466,0.2954697882526224
110,1937,-0.15245941718496658,0.17071603846123062
110,1939,0.6046011884798858,1.2078249776358347
110,1946,0.08900807055653695,2.0282746498963578
110,1948,-1.4945911667006984,0.13330166363478657
110,1949,0.7611409498280421,1.2799714243801472
110,1950,-0.8877081033060195,0.12087689062197426
110,1955,1.295515649323717,1.5118173124039338
110,1956,1.3882967980643097,1.2597547134378944
110,1958,-0.12112518955146527,0.8923140823133446
110,1959,0.9235952802070009,0.20704801913095683
110,1960,-1.4442699621847617,0.18622442169276543
110,1967,1.368950520685519,0.6585476931883736
110,1971,1.328069860174998,0.9777224360773887
110,1930,-0.27077505293729964,0.09654092139205062
110,1931,0.6413143772254212,0.4572815541871034
110,1933,-1.1891260974232967,0.34196019567106706
110,1934,1.0883593465958605,1.3902191378617885
110,1935,0.43874407474562205,1.0733339449334482
110,1936,-0.508627403915855,0.42891331486788475
110,1938,0.711297375872088,0.68886866413905
110,1940,1.1480150093270536,1.3649150833245236
110,1941,0.059023372595001636,0.7699608349997027
110,1942,-1.4155131735752322,0.35276112605025167
110,1944,1.3795355393951185,1.227951890634751
110,1945,0.43723641389284273,1.3895465742185928
110,1947,0.33025301920446454,0.732506978039094
110,1951,1.0342607758673996,1.3839355285957056
110,1952,-1.3291596029203552,0.5194971697656015
110,1953,1.3521201717950584,0.14811502089283313
110,1957,-1.5848043541886956,0.1091987179323235
110,1965,-1.205713521523593,0.22043319798489447
110,1966,0.9362077947187704,0.47054533579632823
110,1968,0.8857673897795669,0.33626807203557596
110,1970,0.644757588409912,1.506017753343609
110,1972,-0.9854704638534846,1.5545726675063396
135,3154,0.8309855787686835,1.6883741461837514
135,3155,0.42904597772664155,0.7407683055614277
135,3156,1.252864214340834,1.07445204311162
135,3160,1.2283457797369073,1.1269851062297735
135,3161,0.8065819226239059,1.6605601094397422
135,3162,0.8492696184778598,0.6945299481643188
135,3164,-0.01704371992573378,0.5879905384744237
135,3167,0.929642942558872,1.5230011759710618
135,3175,1.0518808830992008,1.4473175165999717
135,3176,1.035638583776463,1.4376220339390966
135,3178,1.0260251066531931,1.4333901877564335
135,3180,1.0413546659388428,0.5992946723751988
135,3182,1.0005195877259507,1.4291714909965745
135,3187,1.2463676019683243,0.8195004307207078
135,3192,0.8263695028403608,1.9215040912604913
135,3153,0.5695230262782209,1.804163940667379
135,3158,1.0864812102544186,0.5729860299352438
135,3159,-0.6912329790861532,0.4136752576203744
135,3163,0.4112551864205983,1.683169621112977
135,3165,0.23586993407986576,1.8940080650769657
135,3166,1.3448996584841175,1.2569840596564874
135,3169,1.1545455398214333,1.4027469682372746
135,3170,1.5589969450489685,0.9620362913281595
135,3171,0.36352765707459916,0.6809867321497337
135,3172,0.2532399990032047,0.9615939087504918
135,3173,0.8027833815963838,1.4941482060808904
135,3174,1.2130286536206158,1.3755807268051181
135,3177,0.835462950032838,1.0672663525537038
135,3181,1.191803426184277,0.9159466448816158
135,3183,1.3567292251991803,1.290292878137594
135,3184,0.6880399017399356,1.652109725229593
135,3185,0.7083034836271638,1.0599875994161774
135,3186,1.1105392997776415,1.1231243345557025
135,3188,0.3755264418780942,0.8227895212212988
135,3189,0.7458640366108129,1.693057801741508
135,3191,0.9825812548272371,1.232134476233225
118,2431,-0.7591305246422262,0.06580229879200028
118,2432,-0.7545119947125385,0.44166201693511564
118,2433,0.7959307032522361,0.46689367239818386
118,2434,0.46071127068848133,0.2280312718247005
118,2435,0.09825349464434344,0.9379770696676926
118,2436,1.157129136659513,0.3499365527626246
118,2438,0.4497793341008507,0.43675234162645776
118,2439,0.32240809802917303,1.3176038130515244
118,2440,0.6576785358702923,0.6716645568091579
118,2441,0.589470873062218,0.6123936045288754
118,2442,0.8368805443134066,0.7765097156504154
118,2443,-0.7565319641294205,0.4351049000780972
118,2444,1.1340906341044334,0.651154873101031
118,2445,1.0681481558035435,0.9096879815685486
118,2446,0.9504571702440126,1.005279189926346
118,2447,0.4982671918315076,0.3555179467323306
118,2450,1.0497921915362427,1.117815410673667
118,2451,-0.5064296311475793,1.519404112016157
118,2452,0.6461855494308026,0.2872113029160642
118,2453,1.0172992505503693,0.7530415198265683
118,2454,0.34578620910017516,0.3862118609282058
118,2455,0.3024441103686742,0.9896248827523894
118,2456,-0.9578051708489158,1.566496994953808
118,2457,0.612884793032703,0.7339500811081406
118,2458,0.21974415603612762,0.46882519736150224
118,2459,-0.05464931729596781,1.2762177155722871
118,2461,-0.016554553926983347,0.6468715714379459
118,2462,-0.03225558027532202,0.7008949507844898
118,2463,-0.7048590025911162,0.41887234759818304
118,2464,-1.474385584659438,0.1951716499173718
118,2465,-1.3390841177799995,0.15047098598279396
118,2466,0.30807850570646106,1.0772492610171096
118,2467,1.1298897719243024,0.7659061028853782
118,2468,0.1094463253230257,0.9545425479854501
118,2469,-0.6970859486577275,0.23358140129071558
118,2470,-0.9638956571766251,0.25696476358037834
97,1257,-0.48292945256418757,1.1274066473421736
97,1258,0.3527645150903572,1.350268918175455
97,1259,0.17914212681087394,0.5247074070776354
97,1260,0.41121913622077044,0.4010179109134129
97,1261,1.4229036565285826,1.125432368092057
97,1262,0.054807117031022104,0.982792214824393
97,1263,0.06650192642707575,1.553446964804993
97,1264,0.6509843461077793,1.076995298673751
97,1265,-0.9823316396124372,1.293240732643172
97,1266,-0.630926138014881,0.9139952749101792
97,1267,-1.3111206959425408,0.26481578921964966
97,1268,-0.48386753117628817,0.8846385796184302
97,1269,-0.6766242791351279,0.2573472658463386
97,1270,-1.139095495573822,0.5872825847432919
97,1271,0.781185901658307,1.265581003179601
97,1272,-1.0711322431203523,0.5175043297051625
97,1273,-0.8364071016815275,0.47817699662568147
97,1274,-0.6556093067530143,0.6151470644971948
97,1275,-0.9366149183634325,0.67596824174051
97,1276,-0.07396080701977038,0.9034627767724411
97,1277,-0.09785521919413757,0.8216493479356395
97,1278,-0.807732945306718,0.9399974172098644
97,1279,-0.5389530374642997,0.7728594472279292
97,1280,-0.35862686127311955,1.1279285335528688
97,1281,-0.009404845346540729,1.5688754901162287
97,1282,-1.1208364494853678,0.8241167738940378
97,1283,0.43824521353521373,0.9122496622575629
97,1284,-0.6164410788367416,0.7396870628836786
97,1285,-0.5475834749698041,0.6238072009989656
97,1305,-0.26774381055512947,1.4372525176017432
97,1306,0.42070734046253877,1.378390729838263
97,1307,-0.1830309653442319,0.5609081339169057
115,2326,-0.31413560898902615,0.4805723631730359
115,2327,-1.3551239490459424,0.3299641483730892
115,2328,0.36076880836918757,0.08926646602251842
115,2330,-1.1857851252677876,0.12830894438217832
115,2331,1.5217309366976444,0.4552864299387713
115,2332,1.0610236709354406,1.1358301857979087
115,2333,1.5677162775444369,0.571323315861866
115,2334,1.4264481603005925,1.076040287452908
115,2335,1.185956816212816,1.1331062620291532
115,2336,1.4862733233251288,0.7078055041020357
115,2337,1.3728560478857674,0.7021157851625477
115,2338,1.069256796434174,1.1160045218988248
115,2339,1.4534998389256688,0.8152242357724587
115,2341,1.2250681405330042,1.1762827095980066
115,2342,1.5484756953048548,0.6200496069598661
115,2343,1.588977290102396,0.5206928196741349
115,2344,1.557180786848179,0.5524155287685961
115,2345,1.2788291240280507,0.7039261002246646
115,2346,1.5285640582586701,0.9969876655320086
115,2347,1.581688490543355,0.9692811504981808
115,2348,1.6653939363605168,0.38748338271734173
115,2349,1.3189315612166808,0.8495535863241555
115,2350,1.5173632345309698,0.8684555122565296
115,2352,1.4794435942153519,0.6730606674973076
115,2353,1.437144153082963,0.8648700833951629
115,2354,1.3119474081268543,0.7616295019018267
115,2355,1.6547205754614374,0.7440739950950217
115,2356,1.4531919099486543,0.7674669473164302
115,2357,1.581901995877595,0.5251826262704716
115,2358,1.4673609256716764,0.8395885554170301
115,2359,1.3268040859976407,0.9429407997544172
115,2360,1.4907452268263468,0.6169021188064803
115,2361,1.445648598552019,0.8508339468814449
112,2007,1.4237232750157918,1.2050222042653045
112,2008,0.8567908993423582,1.0787492609191756
112,2009,-0.7429611773462803,1.059893594475618
112,2010,0.8736288584750046,1.0498132225263805
112,2011,0.8483464496816274,1.0450345331837618
112,2012,0.8582024530636791,1.0281054475719864
112,2014,0.48034885466881927,1.2430618055025997
112,2015,0.8147984416104711,1.0642995537977589
112,2016,0.2396173323444928,1.1053815056191356
112,2017,0.8046337885366069,1.2700221397551568
112,2018,0.30856202380398096,1.0262811459551704
112,2019,0.21331051757819403,1.3055427739089827
112,2020,0.08372309342884768,1.3071812404697454
112,2021,0.6369140629381046,1.3631656244001573
112,2022,0.3879213585467119,1.1577844209505535
112,2023,0.5961148703886062,1.2464776071778627
112,2025,0.8650511891517625,1.09360445133562
112,2026,1.024039282051266,1.2973853575302732
112,2027,0.8725535889364593,1.0458500272519629
112,2028,0.9465471996993342,1.2811839550344264
112,2029,1.3385282859343621,0.9779920156591646
112,2030,1.590102474930574,0.9175222287271845
112,2031,1.003611424583573,1.2586359879832951
112,2032,0.5055626528340785,1.1292154137954877
112,2033,0.483296669794654,1.1797090805724724
112,2034,0.4924477235255081,1.1489069027391554
112,2037,0.500614320694618,1.1358959982205636
112,2038,1.3431199236862037,1.2698190430912013
112,2039,1.0326244896903036,1.3162519264968142
112,2040,0.2013354047239245,1.485347652796221
111,1973,0.8336427714859355,1.3660173568779757
111,1974,-1.5205006265643137,0.34703180657833743
111,1975,0.1789765073582147,0.9920761661941792
111,1976,1.1013636613527757,1.041996850573455
111,1977,0.47418698697931966,0.8162871044406133
111,1978,1.1972764763440367,0.25565708608149107
111,1979,0.5015524836012855,1.5272851975181219
111,1981,-0.6336411607982474,0.5326271019446414
111,1982,0.6240394059188309,1.6984177712278932
111,1983,1.1290316076260987,0.24737624545783365
111,1984,-1.134158932230048,0.6692656162118099
111,1985,0.18847054322924695,0.8081260431773462
111,1986,0.4111098994981876,0.40982106983619904
111,1987,1.4752443258336705,1.0825440809792541
111,1988,-1.5550842298050096,0.25516821871558704
111,1989,0.02139931753288618,0.7165527286948667
111,1990,-0.31130473801783887,0.5928339822017461
111,1992,-0.07855891149611209,0.7482697850922149
111,1993,0.07975056329090621,0.7583524291142195
111,1994,0.15030280156731324,0.7075287746151175
111,1995,-1.3344681436909511,0.6253330023460493
111,1996,0.3790745219962048,0.5358019005999424
111,1997,-0.05257265231691509,0.6688552830375096
111,1998,-0.6112562733383532,1.103375910068558
111,1999,-1.2319039069200222,0.20830300123042933
111,2000,0.5644185106895719,0.48412192015418026
111,2001,0.12803287029624305,1.4853883924263265
111,2003,1.354193010272303,0.9825860420442869
111,2004,0.36985892767603173,0.3189065937343506
111,2005,0.04524613720349895,0.9384175429077517
111,2006,0.45944091373684587,0.48525575839716245
181,4613,0.2521811582836432,1.0621808414804719
181,4616,0.6877532690134613,1.0271877620177767
181,4620,-0.5961566672765221,0.5628310914714253
181,4621,0.4356005493263863,0.7083365664919216
181,4625,0.08698800543374004,1.4254662591230738
181,4627,-0.4575920229350617,1.054211572193662
181,4631,-1.0834063278094628,0.4224643975230875
181,4634,-1.309942039076343,0.37617811087578445
181,4635,0.10800586477062418,1.7927769744812432
181,4639,0.37688236332138314,0.9280401343416036
181,4640,-1.2457060429642715,0.39621879231107404
181,4612,1.4876114288905944,1.0527470499737794
181,4614,0.5625861148969434,1.0854501413939603
181,4615,1.3482584692038786,1.287681571498987
181,4617,-0.2808836343999469,1.6711063056378026
181,4618,0.3254723190456082,0.4275993560396596
181,4619,1.5401503744907226,1.0925821306026549
181,4622,0.4244067740641023,1.127348274489453
181,4623,0.21005929983965352,0.8532369867505263
181,4624,0.9106433762325773,1.342100832240877
181,4626,-0.17722956644929216,0.4225037241125139
181,4628,0.46749589720526263,1.435875794173209
181,4629,0.08830711036916161,0.6522391769165892
181,4632,0.7140464168985834,1.0583632364256308
181,4633,-0.015359800624266486,0.5063853368420542
181,4636,0.5994296199811607,0.984730771545491
181,4637,0.010362941037496775,0.6319617611169742
181,4638,0.22534542920816866,0.6545918301350626
136,3194,-0.602460819536486,0.5073171325635504
136,3195,-0.64520528254756,0.7904317514407077
136,3197,-0.7677675808384995,1.2865160315124553
136,3198,-1.124532857205861,0.9779153891147648
136,3199,0.008640431113421939,0.823389411608249
136,3200,0.4211936576123027,0.7427040353612495
136,3201,0.11062047025829957,0.9438249889853532
136,3202,1.5743102252223435,0.15654745835506312
136,3203,-0.8901496781816409,0.47384265150322874
136,3204,-1.4268160739566826,0.5985308899353525
136,3205,-1.2204434662308032,0.9700195184721537
136,3206,-1.3089047642731897,0.6156919079365567
136,3208,-1.0070185803128804,0.5246483643022152
136,3209,-1.068518004740392,0.5105046454686146
136,3210,-0.9615035474510747,0.7538875247141659
136,3211,-1.6037857500148696,0.7049782574861061
136,3212,-0.8744346708963444,0.518002818403219
136,3213,0.40871267697796293,0.6668636999145516
136,3214,0.8307037432313449,0.3613592517635147
136,3215,-0.15674928986100153,0.6197541580499244
136,3216,0.2633294135035445,0.8734803266060089
136,3217,-1.207064561589923,0.770267653263206
136,3425,0.4012732588943876,0.7485331310634284
136,3426,-1.0920560462677396,0.20426536150269914
136,3427,-1.2511084723983792,0.19209942920861844
136,3428,0.08496465323686592,0.5491433818502003
136,3429,-1.253093791272838,1.1099552134155501
136,3430,0.01718368860221886,0.5101876806337227
136,3431,-1.0031713476836748,0.5081263216623368
136,3432,-0.9758577304461874,0.22158199658450273
100,1404,0.423221671376093,0.8970770875847219
100,1405,0.6417337590913051,1.3546654207208848
100,1406,0.9002232584237377,0.7531596839482162
100,1407,1.4857019915790342,0.9718600698673296
100,1408,0.4144974869228177,0.900899833521248
100,1409,0.8853614918752327,0.439989133241496
100,1419,0.7466572876862154,0.5703695048380577
100,1420,-1.5090240479905068,0.3758248974103605
100,1421,1.1246869591485251,0.5849036072361218
100,1422,0.2899081063636309,0.9448494512407918
100,1423,-1.1518794436506579,0.24002593608739398
100,1424,1.3635742749627537,1.476272745698834
100,1425,-0.8303632823515716,0.27931664676748724
100,1426,-0.8196298261678626,0.2108458763290686
100,1427,-1.3856973925053684,0.10623505341772466
100,1428,1.4884651721156057,1.1754662963156377
100,1429,1.1924125431511707,0.9255552555100972
100,1430,0.4308619333625683,0.8442252204468046
100,1431,-1.2529908305282667,0.290771551156215
143,3608,1.5086857794212722,0.9159188835747756
143,3609,1.1817022965038027,0.7495368030240781
143,3610,1.4037671935414027,0.3301517048697913
143,3611,1.6239976703184504,0.202181231971291
143,3612,1.1249863217913287,0.38998649197153346
143,3613,1.5400873398579866,0.4979813793921576
143,3614,1.7212558444591186,0.0574295752096442
143,3615,1.2981800753319188,1.0346837535229247
143,3616,1.2443206344256839,0.9259051011452117
143,3618,0.4189166232012696,0.7190263508633178
143,3619,-0.5099674833911148,1.4499183413275332
143,3620,1.629528349907005,0.2507300039716329
143,3621,1.6432107083838075,0.5586473943343728
143,3622,1.1776418968485138,0.7301517068565686
143,3623,1.3924745492395754,0.6370326601707259
143,3624,1.4625817561014143,0.4181590601441353
143,3625,1.4133165457383878,0.7813784550227859
143,3626,0.9988802505899022,1.0317599634406693
143,3627,1.4243408207624653,0.4919543455223349
143,3629,1.3066474996379076,0.959933285113447
143,3630,1.3250724848293105,0.6285680812843781
143,3631,1.430001065926343,1.176634147241511
143,3632,1.4833078183849127,0.7053940851721758
143,3633,1.3339592743192745,0.6813595928301592
143,3634,1.0795319591387398,1.0462087838014908
143,3635,1.3904497285026167,0.483730382008526
143,3636,1.5560516973725433,0.6436653219747462
143,3637,1.1311164722575116,0.9232902478742815
143,3638,1.2092150262883197,0.5288943330827705
143,3640,1.4487675410894025,0.8786158141670432
143,3641,1.1822143038843127,0.7117531516611204
143,3642,1.0784771270083926,0.7297111206845693
143,3643,0.8926952140754505,1.2082177355397892
92,690,-1.4103735735176162,0.22471832804213598
92,694,-1.3201847913354783,0.3392666813292762
92,695,-1.1722493315821887,0.9019381610580594
92,696,1.4692735105483383,0.4521425672477646
92,697,-1.4162689945661826,0.2612100312374287
92,698,-0.7161717715832356,0.9944591704561637
92,699,0.7245081868542464,1.4386794139920909
92,709,0.42058937688360026,0.6459606872750252
92,711,0.08759755339055576,0.7822475254894311
92,712,0.532632321834621,0.5552221696456449
92,713,1.2180479029888374,0.7994896626697245
92,714,0.0700084944794735,0.7808952532710105
92,689,-0.001487632002445699,1.1277328939661126
92,691,0.5009159855874161,0.7032047421994467
92,692,1.1308582637039688,0.0018710118465955494
92,693,-0.390167428165169,0.8234560622617038
92,700,-0.11976526741202592,0.6257361634989801
92,701,0.034652881046385656,0.7694617947636875
92,702,-1.5256677820737634,0.15040574982794375
92,703,-1.3973124179043261,0.08578007284901257
92,704,-1.0791559854004271,0.2510852759151341
92,705,1.117767043424365,0.22483982191091412
92,706,0.911661576765724,0.13522569991809852
92,707,1.392279972990688,0.3648604062143078
92,708,0.20906402823883286,1.7562112395550815
92,710,1.7654965643874416,0.3191887096121844
92,715,1.8221720436686626,-0.15738132385466874
104,1565,1.1567533801173489,0.9146246737463811
104,1566,0.6958980664290941,1.340746118133412
104,1567,0.8900866257123874,0.2595665155250667
104,1568,-0.4104775409543174,1.2264043046320787
104,1569,-0.28502114094185144,1.1596284735931186
104,1571,-0.6522849185023848,1.3073409491653862
104,1572,-1.101264849081692,0.6780702914745536
104,1573,-0.1860963144372786,1.1424368107179492
104,1574,0.05471227017803312,1.0075929924870595
104,1575,-0.11226321121389375,0.9575631794659375
104,1576,-0.21015676283633838,1.0881220434709629
104,1577,1.3600035329982754,0.22696880198235536
104,1578,0.22917860141575783,0.8809851411438184
104,1579,1.029123453445362,0.34773819960609753
104,1580,0.38674923574210396,1.0867265329469302
104,1582,1.4008470301185494,0.44029021916862054
104,1583,0.5631347521452005,0.6221921627302349
104,1584,0.571544782395262,0.41633999431806534
104,1585,0.2059811997862215,0.7321863762562008
104,1586,-0.26783967147707893,0.5192768299865853
104,1587,0.5554406472655409,0.42862437894642036
104,1588,0.5535688516178983,1.1891732163610145
104,1589,-0.4568103862183904,0.24093253346863763
104,1590,0.7656954428622031,0.6689118572982977
104,1591,-0.6901400926706102,0.27217330499702574
104,1593,-1.2923512220325288,0.1149717586292428
104,1594,-0.6409514786558691,0.10369041116522049
104,1595,0.4597559123281166,0.7680448685570412
104,1771,0.9198489637452143,0.9014174451178953
104,1772,0.5361717317623627,0.6468827607976552
132,3066,-1.029030136943978,0.29616201651958407
132,3067,-0.6779967666739797,1.3597816967569285
132,3068,0.7765184100084496,0.7262240418110297
132,3071,-0.24890690155908504,0.874282032588052
132,3072,-0.9066564932239158,1.5909207627717004
132,3076,-0.9497491372871749,1.0527210594124226
132,3082,-1.062414949333214,0.6027129468939962
132,3084,-1.2182830176515367,0.4039762829598432
132,3085,-0.9198626580896754,0.4196655474556479
132,3086,0.5506042824120434,0.5731201722843025
132,3087,-0.7210673252377608,0.6099037423302763
132,3088,-0.6995719523600887,0.35158724309957046
132,3092,-1.1524373694736847,0.2993858173145466
132,3095,0.447980384545364,0.7423740157080071
132,3096,-1.075171892292358,0.30953194431500364
132,3070,-0.2977102606017549,1.7125089261186979
132,3073,1.2488901830943906,1.2808700027651196
132,3074,-0.5215332497613661,0.641889086913759
132,3075,1.266296263641258,0.11293689866080703
132,3077,-0.42953675349628667,0.5038042321398024
132,3078,-1.0703966283817492,1.3044376111638536
132,3079,-0.868445332445701,1.392414633469448
132,3081,-0.4628858801418996,0.5225065783520981
132,3083,-0.723642961944453,0.4977356638479982
132,3089,1.303504273854476,0.9229791091057769
132,3090,-1.096722212223625,0.38333669634822354
132,3093,1.7444740498603455,-0.011020869674282285
132,3094,-0.9428228840647582,0.3897116024121676
132,3097,-0.936066328712815,1.0136436795599124
156,3962,0.9704017929904823,0.5152031483178048
156,3968,0.7164153862699303,0.5858878147361111
156,3969,0.16644789594582743,1.749721606823205
156,3970,-0.3995492568859961,1.389606590774446
156,3974,1.2001321216740914,0.1545773392294143
156,3975,0.05345369833935276,0.8498342917186954
156,3976,-0.024929078508188984,1.2621853958554803
156,3977,-1.1242709898619627,1.5638091064440216
156,3978,0.20438643416724944,1.7351997040858267
156,3980,-0.12196674615700352,1.1010881434038229
156,3981,1.3034843490998593,0.23213283885970648
156,3983,1.358157451083748,0.16029022673642113
156,3985,1.5635222033223675,0.649631500664069
156,3987,-0.024701315366746066,0.9748737891450453
156,3996,-0.2542708132379306,0.831272467162124
156,3998,1.0700884284731984,0.14511132697217188
156,3963,-0.6829905280795754,1.251636558481241
156,3964,1.7463823646637398,0.2998216379023345
156,3965,0.026256136152761327,0.3382412369055089
156,3966,0.5267718031131929,0.6188408274621913
156,3967,-0.36766468656891793,0.8924333381720212
156,3971,1.0257234900060648,-0.06962314634596378
156,3972,1.316500774594011,0.2401439868880848
156,3973,1.4574219209941326,0.12823527053147243
156,3979,1.4263925688909296,0.2273951950336276
156,3982,1.375162961048521,0.04311376127100641
156,3984,0.3854282819565255,1.5295299354292333
156,3986,-1.2654890576722204,0.2361732474644992
156,3997,1.6241964666708368,0.016334187843130343
157,3999,-0.9545490449015871,0.733819752792965
157,4000,-0.9347029683805529,0.8705176838455825
157,4001,-1.5749689182859994,0.4946385004508197
157,4002,1.6407246316104707,1.0402952300777362
157,4003,-1.4539121116228944,0.5015486828265561
157,4004,0.8651201436996789,1.6767175926832638
157,4005,1.0277664039940568,1.4837232959756557
157,4006,0.5438352916354119,0.596036074488067
157,4007,0.5366692566098497,1.065332253990999
157,4008,1.1997338498138557,1.6823185136646215
157,4009,-1.0018444262974033,0.8311788909154976
157,4010,0.09906744644298496,0.7270889235377129
157,4011,-0.7199163010578816,0.7261368720969763
157,4012,-1.5389713487843335,0.3632889429965366
157,4013,-1.4049582821967863,0.6387372793864299
157,4014,1.4731630022705882,1.0921244160322992
157,4015,-0.1874729883771919,0.6710628311162481
157,4017,1.6377891960256834,0.9729692292958324
157,4018,-1.160203989660025,0.09203419501843213
157,4019,-1.480319394745271,0.6926012939248387
157,4020,0.5568408296986773,0.7062928977728373
157,4021,1.4669119260586372,0.8391319765149763
157,4022,0.5078276483823652,1.9861906606131663
84,207,0.6794715612623231,1.0575500149460295
84,208,0.12458276795893386,0.8955959356983628
84,209,0.8268806425402104,1.3915510857872522
84,210,0.30414510171733145,1.1350778569247382
84,211,0.8213071538596755,1.0125997782716702
84,212,0.9158466398067884,0.6890821150834454
84,214,0.6532714446204764,1.2594900898774442
84,219,0.7533073286104601,0.6231316461669718
84,220,1.496780227798479,0.6656452083814418
84,221,0.7666143904684266,1.2121140134189892
84,222,1.2338720241655656,0.6679996432595681
84,224,-0.1633033867398439,1.3745274232032043
84,225,0.44578276958966173,1.1862427973796246
84,233,1.1709618099168426,0.8478315257918714
84,235,0.18319769225805488,0.4321089357111708
84,236,0.8447005075563873,0.8340625710321781
84,237,1.462562096930817,0.7587613671127842
84,239,1.2017202842303756,0.5104237460805847
84,213,0.6964215897011062,1.7686884137016898
84,215,1.2459950638471846,-0.07339980243209465
84,217,-0.24719418876880153,1.9957262152070232
84,218,0.28789858638220855,1.871322750040572
84,223,1.0262016019229672,1.3799765976430367
84,226,0.3827247349203629,1.8576636644970197
84,228,0.9425973794536429,1.2960905627786454
84,229,1.4548000317011551,0.21849059030413764
84,230,1.368976833037291,1.392312745973526
84,231,0.43459660141816686,1.690562424398725
84,232,0.6077992817296846,1.8223912761539947
84,234,1.958220041352877,0.08392480991050633
165,4205,0.45587470951994524,0.9304947306488984
165,4206,1.2553145822608411,0.3698715743670047
165,4207,0.21608504905777864,1.6128921416673814
165,4208,-1.402844163472069,0.6051247508630937
165,4215,0.9310729918781467,1.033358009188814
165,4218,1.4381768199221412,0.8249521863174202
165,4220,1.2162785899360449,0.4328654415719734
165,4223,0.9225249571747866,0.7575007306926856
165,4224,-0.7441678471233526,0.7538234498232127
165,4209,0.5541864229880386,1.2126957124923625
165,4210,0.5514201615369833,1.1877894117685466
165,4211,0.5500727398848833,1.51679383163048
165,4212,0.23542195125855617,0.546838286346941
165,4213,1.4970021224907446,1.2678886805538019
165,4214,0.5805334850011639,1.3410886176851982
165,4216,0.37445522892925165,0.8763453830126834
165,4217,1.326088181102898,1.1141202734094544
165,4219,1.1509887330178443,1.5519999799365958
165,4221,0.9637289296099931,1.0991148020673787
165,4222,0.8009889854679592,1.1881849616484577
165,4225,-0.6731115297908336,0.43837534982441456
130,3018,-0.8289040004730045,0.35532967695910667
130,3019,0.18595552605210589,1.0979754423478016
130,3020,-0.761786594974652,0.1816587482131774
130,3021,0.3866846178750027,1.3169446035967405
130,3022,-0.6912153374859223,0.41191450327997614
130,3023,-0.6592858477483795,1.2213641159714452
130,3024,-1.1596710031209958,0.3996991056718433
130,3026,-1.0988447994667725,0.3948668810330924
130,3027,-1.239260585656281,1.3466983157065713
130,3028,-1.1221426073511165,0.4352481284428761
130,3029,-1.3049044145996473,0.8820535273088993
130,3030,-1.1802396056395899,0.4457896365596592
130,3031,0.2533565114877345,0.8572887363668368
130,3032,-0.2516156607910566,1.0284865537340464
130,3033,-0.9217533396443898,0.28262040535160915
130,3034,-1.2801788004870305,0.812725681406774
130,3035,-1.3284734775865263,0.4456705640196571
130,3038,0.0329745592825393,0.7756083082604694
130,3039,-0.7555610782722996,0.21664038645530914
130,3040,-1.3336219632865434,0.6783665003937115
130,3041,-1.417986927821369,0.5135677123677944
130,3042,-1.3622487700514492,0.50362620013037
159,4062,1.112081001970824,1.08753962763505
159,4063,-0.2885567067104278,1.2134785684423137
159,4064,-0.5443840559277138,0.5460231733560084
159,4068,-0.9401615068813246,1.5987395719087423
159,4069,0.4609082266375282,0.9959545885081076
159,4065,-0.24607238056375866,0.35381609880759957
159,4066,-0.2191568043983976,0.4362846829446755
159,4067,-0.5745546840574669,0.32785417179642407
159,4070,-1.0438046975939226,0.2440064045046093
159,4071,-1.0861204825835482,0.2015481394615426
159,4072,-1.2284924610634784,0.6296391191152274
159,4073,-0.6956593919651003,1.363159066178099
159,4074,-0.8742950966339855,0.27216461199937425
159,4075,-0.9960100749730773,0.2884928678311378
159,4076,-1.0808908879626677,0.28093728590381495
159,4078,0.1588442337741852,0.8518047569859873
175,4477,0.02618184616406119,1.619477497462056
175,4478,-0.46320761976823444,0.44265073111813225
175,4479,1.202098127993013,0.6450622177072349
175,4480,0.9254207660770196,0.23460349439969552
175,4484,-0.6062519660398376,0.7424209043728922
175,4485,-0.9259135865809085,0.2172859091996182
175,4486,0.3894982694407202,0.7564357638005195
175,4492,0.8441168916385756,0.39129468662822453
175,4495,0.5416933442713663,0.6047800979440914
175,4476,-0.013770180502515592,0.9262788669511555
175,4481,0.3419084892089108,1.7590424504166644
175,4482,-0.9687493715495114,0.3063137533509659
175,4483,-1.1538484880506323,0.887295616295388
175,4487,0.49341272379701584,0.5050460854090821
175,4488,-0.9210772111957393,1.3563397883004575
175,4489,-0.7716820861161617,0.5984405842787036
175,4490,0.047384717241833914,1.1917406342743302
175,4491,-0.008183636797246485,0.30563592301316134
175,4493,1.5532630091379538,0.15742628553379423
175,4494,-0.9602455768958619,0.2087570295368668
129,2989,0.2530032753186554,0.990089869228799
129,2990,0.45790662737422194,0.8150953123537205
129,2991,0.6664547357271721,0.7202789636150613
129,2993,-1.3541653189940421,0.15010769355197195
129,2994,-0.8657790824611792,0.36833515047798604
129,2995,-0.24577809259533184,0.6872132820995676
129,2996,1.0640757461839112,0.356626008314174
129,2997,0.46228431482519305,0.3477240705898542
129,2998,-1.2129528022955793,0.17081447555531037
129,2999,0.4513448772077827,0.7310485611589523
129,3000,-1.4751752147612955,0.14461682364846506
129,3001,0.10826628352741083,0.9007735218891929
129,3002,0.25858037601491285,0.7331720807201129
129,3004,-1.4374389725331065,0.09645318535636815
129,3005,-1.6445626615614455,0.08120053857262355
129,3006,1.460875591366021,0.6956772684526538
129,3007,-0.3402750116287452,0.9096815184552761
129,3008,0.6449838466650104,0.8587248167790578
129,3009,-1.4681795778589721,0.14071897159302837
129,3010,1.0593322196155013,0.3912468511995071
129,3011,-0.43704930750497945,0.3084376338786492
129,3012,-0.32692537192914556,0.2690240228248352
129,3013,-1.323313036703448,0.16870497923383787
129,3015,0.11967431692193184,0.7515653337940851
129,3016,0.05538070237095977,0.6017106105514806
129,3017,-1.6384351464714586,0.07452248447021215
65,4744,-1.173680420999427,0.27287087307004554
65,4745,1.0209242681544104,0.36529242707657783
65,4746,0.5763929737135682,1.5054745711954425
65,4747,-0.6351562472928751,0.6657018661078127
65,4748,-0.7108661923245022,0.25922607764079364
65,4749,-1.008551653212522,0.3625264706744675
65,4751,1.494120973245381,0.575972300378204
65,4752,0.9301006908433398,1.3207629254682665
65,4753,0.13035159119016396,1.6645273044781443
65,4754,1.192419276878145,1.4375999495654521
65,4755,0.992379292991387,1.5038143552433372
65,4756,0.6633028164713074,1.7186888907437647
65,4757,1.2457509865246301,1.2125150160862372
65,4758,1.2504405922905852,0.9707690529145714
65,4759,1.6277305313338701,0.7819742361623561
65,4760,0.8719940305265258,1.871613822790237
102,1453,-1.1910802023290337,0.07290763973889058
102,1454,0.11073264463087489,0.730063390017533
102,1455,0.39357184386211963,1.410188146762623
102,1456,-1.4169365829832075,0.2578050976955608
102,1457,-1.0593352935066553,0.3313282647516841
102,1458,-0.3241431194291426,0.6354202489728078
102,1459,-1.4166231206942017,0.3609500610417854
102,1460,-1.112199804910727,1.2859641204686385
102,1461,-0.8115188781193986,0.7800400880178676
102,1462,-0.2397764434163036,1.0877207141944412
102,1463,-0.2947460498016495,0.6021428995045868
102,1464,-1.2792342721244836,0.5630389994654932
102,1465,-0.5638860919575346,1.4043475409614292
102,1466,-1.099113094814638,1.1657481087554544
102,1467,0.13389216223531697,0.7752681840297848
102,1468,0.20975863823666832,0.7665713945641788
102,1469,0.8017887160501889,0.6371275825142462
102,1470,0.6596710673310083,0.6746437485791067
102,1471,-1.4653745665111115,0.2835220168602334
102,1472,-0.6835515704264546,0.1565432807248267
102,1473,-0.28118605888156484,1.8542083091681536
102,1474,-0.8062186767458449,1.3120227436443237
102,1475,-1.5866791591393146,0.10426265103787358
102,1476,-1.402875541279876,0.5620901109950691
102,1478,-1.2849236017710288,0.1321639964299699
102,1479,0.22346170719832223,0.7466585889138828
102,1480,-1.0836012808085331,0.8992326031954629
102,1481,-1.389129589603585,0.16893239196632692
102,1482,-1.2407335140145892,0.14639952835745373
102,1483,0.12705123693643836,0.6576340404830368
149,3792,0.6044898376725258,0.8621892132839342
149,3794,0.21345601254597296,1.0494266028558754
149,3795,-1.2199264681376274,0.2817237845793388
149,3797,0.6875461154744056,0.4100911162468116
149,3798,0.4929297735514273,0.7435348336080814
149,3800,0.5742338881098548,0.6440574697084621
149,3803,-0.22221086754205766,1.262641962813202
149,3805,-1.2373097790936516,0.9125928972280888
149,3806,0.8620313107948349,0.5319735589477947
149,3807,0.5819498764991848,0.7817930990808047
149,3808,0.8638674725364921,0.988938562920503
149,3809,0.7944138225213064,0.8264247441673611
149,3812,-1.1544217297009967,1.2068418586417997
149,3793,-0.6847669503828429,0.48232496216473086
149,3796,0.1119122486472456,0.9381247413354261
149,3799,0.7238377035573206,0.6613105303661828
149,3801,-1.2398313630107525,0.26169460461201455
149,3802,1.6024613087122763,0.8881383331669107
149,3804,1.5313683537082943,0.9753877091001898
149,3810,0.06966143788349366,1.0469073159995808
149,3811,0.23133443922265984,0.9825898356397155
149,3813,1.1295663508283151,0.7211323135074466
154,3914,0.5516539447089511,0.9489658204694607
154,3915,-0.9075956862313667,1.457784093774855
154,3919,-0.5253852399305076,0.9461135681805527
154,3920,-0.2998980379005386,0.3550082539380971
154,3921,-1.265878642061308,0.3082533578184665
154,3924,0.09551233889508101,1.2373984598931917
154,3926,0.8421069686885025,0.6264197183449415
154,3927,0.9736104234005023,1.022028111984435
154,3930,0.04327652144298255,1.6596138745053048
154,3932,-0.41210101834122614,0.894424755442863
154,3933,-0.008994448237716932,1.2337883001982142
154,3934,0.15296636528798122,1.2005952459775868
154,3935,-1.4548894112849204,0.20751572308504007
154,3936,0.26826551762620615,0.9223282738703652
154,3937,-0.043486889264409925,0.997956668239844
154,3916,0.19187079358886125,1.1531719094187904
154,3917,-0.3199132938082668,0.44241936464585774
154,3918,1.0885557043166099,1.5096147715610138
154,3922,1.7395211178373737,0.09929058581408645
154,3923,-1.1812418099278112,0.08812129074412245
154,3925,1.5326489767804676,0.6819239398366226
154,3928,1.2552190335754307,0.2614972776434502
154,3929,0.905791392997358,0.3204447852746122
154,3931,1.2118103909256432,0.49779051130182417
101,1432,1.50827196969107,0.23501749476630518
101,1433,0.9486739303455242,0.6467652920746763
101,1434,0.11203262734537558,1.590291115799777
101,1435,0.12179419205184501,0.7557343692280679
101,1436,-0.26778656900632847,0.9886069877920762
101,1437,0.9298376035477174,0.2751667191619728
101,1438,-0.5640872028748772,0.6548110899088317
101,1439,0.12894158852500967,0.7341539407590932
101,1440,0.21378840146041134,0.5629790295917334
101,1441,-0.17778539575114574,0.37010812754768774
101,1442,0.5742818566898142,0.9594246372992636
101,1443,0.5061256739518596,1.0563766656173232
101,1444,0.2742298287597347,0.13901777201541654
101,1445,1.6613564203370088,0.09162231244489993
101,1446,0.5194208345775557,1.029115687994838
101,1447,0.5273001055766606,1.0028445038825458
101,1448,0.02500322383586162,0.9244742132072091
101,1449,1.604924797865382,0.3167104523998998
101,1450,1.1243141256594458,0.5271498022491754
101,1451,0.3893494098174429,0.6531219258924406
101,1452,1.6076531164172092,0.6194722463735944
160,4079,0.7379886231538911,0.9073460577255854
160,4080,0.27394243411835417,1.063201796497348
160,4081,0.7900278005929535,1.0633142274338594
160,4086,0.721827065391627,1.248737582539742
160,4087,0.9951828125851166,1.103144508807139
160,4088,-0.5205705525359565,0.582999334404675
160,4089,-0.003298322170524462,1.7409587097850943
160,4090,-0.20366138991240418,1.705601902520129
160,4093,-0.006981229494218658,0.9754978206563775
160,4095,0.0688547245239985,1.199604612012803
160,4096,-0.08195075660968656,0.8520130050278135
160,4082,1.6394603930501863,0.3669093981891388
160,4083,1.2673996690101912,1.1536022623907596
160,4084,1.2306380512555484,0.9215937330850099
160,4085,1.6684382477375628,0.1982015271862123
160,4091,-1.0099689563688465,0.35500068656783723
160,4092,1.6112005441255013,1.1614378250176947
160,4094,1.7104295453062173,0.9374409109465762
160,4097,1.595502893020382,0.6439806236495238
151,3843,1.1488538771976302,1.1565369210171557
151,3844,0.47060842409554915,0.7456078513945518
151,3845,-0.3877533234643222,0.8218957896583904
151,3846,0.256593453016356,0.843971456565295
151,3847,-0.5539341985112517,0.9560349641135266
151,3848,-0.45617440304200607,0.4570036751359813
151,3849,-0.2535826009957876,1.1007663483488885
151,3850,1.0760323262108848,0.5024583850316767
151,3851,0.08511763932980151,1.0668600948802052
151,3852,-1.0824363528728196,0.2486197519149148
151,3853,-0.31042895277745586,0.891200637829159
151,3854,0.23777725578144565,0.9584161191962122
151,3855,1.3771325679101227,0.19292802853903657
151,3856,-0.25101609305488676,1.0712284303867339
151,3857,1.1634834577834126,1.0097476536227994
151,3858,1.03203939062328,1.5793323017229555
151,3859,-0.795746389035943,1.7293628945579091
151,3860,0.3761836711567306,1.6602296316242864
151,3861,-1.3428692444131982,0.12800585995541758
151,3862,-0.4203423585811257,0.8692364344452372
151,3863,0.2995165226182781,0.6918327280193102
151,3864,0.005439227199095481,1.1427370516472832
151,3865,-0.19782114110827773,0.484693602079231
151,3866,0.1632435363635163,1.676668382458145
151,3867,-0.5360185483312809,0.3749169768606745
151,3868,0.8043667468809603,0.23261846103964856
177,4502,1.3385248555656815,1.4332498943896983
177,4508,1.244968273261498,0.973928281299437
177,4511,1.1670445290209726,0.7631487570038153
177,4512,1.1223874447273614,0.7974349282200235
177,4503,1.636699025818699,0.46485233623415523
177,4504,0.20253057669376073,0.7474013158345305
177,4505,1.725038975643095,0.14946961667534386
177,4506,1.56841250121177,1.0470013004696745
177,4507,1.0671122993831808,0.30508802770691035
177,4509,0.22816874612059607,1.3171625781808136
177,4510,1.4680538447136955,0.44161436444861035
117,2417,1.2988565096271207,0.8734257255625478
117,2419,1.354128942402863,0.5753585874613967
117,2420,0.5203092046368194,0.5636777088292957
117,2421,-0.4964290841172253,1.0453511775114217
117,2422,1.1645725356598589,0.8679722625192883
117,2424,-0.4578514297945229,0.32190271244238877
117,2429,1.4986397299526122,0.39520922422916316
117,2418,0.919440024418302,0.8685142025558659
117,2423,1.473776247416657,0.8479564196113886
117,2425,1.326104673171807,0.8116949131638729
117,2427,1.4147880854649761,0.3815595922408217
117,2428,1.024421575403265,0.7627778831906713
117,2430,1.475000516146655,0.7816826690741338
22,1328,-0.4828508905663628,0.4674954628084962
22,1329,-0.15666416457957522,0.743425188422343
22,1330,-0.7503136729796309,0.5373877918733877
22,1331,-0.8279081602051999,0.658509532273724
22,1332,1.6438180018316033,0.23703065942667984
22,1327,-0.8915213475800845,0.7984752303908798
82,5268,-1.1381612674522494,0.5544150360091914
82,5272,-0.7896613281080838,0.5234551813515369
82,5273,-0.29149213518848177,0.7148018907198401
82,5267,-1.0600896664737185,0.9368064629364912
82,5269,-1.3395402995311139,0.7749522999271541
82,5270,-1.2733315263707883,0.7198891282057955
82,5271,0.3698201176843382,0.5796909327128076
82,5274,0.033777506980219835,0.9103487129783524
123,2614,1.1954272990028227,0.6504112319077247
123,2615,-0.25236764969117004,0.7432816878510555
123,2616,-0.008986556217900149,0.7011149369025327
123,2618,-1.3590375766258678,0.13514524311429443
123,2619,-0.946666068975565,0.39056399907155337
123,2620,-0.8115828538332559,0.8625722741951384
123,2622,-0.11619543874924318,0.6837853842566516
123,2626,0.0968386127515423,0.6196052512978139
123,2617,1.6447201128636315,0.6525652718995147
123,2623,-0.07255123378248919,0.667694229483088
123,2624,1.1493200464348652,1.2403143205692433
123,2625,-0.7391945541421717,0.39597112688686076
69,4835,-0.7685199632888423,0.39834780131531444
69,4836,0.7149882645471825,1.5500026067202808
69,4837,-1.0807219180157157,0.6751234946277836
69,4838,1.5927233951133908,0.9700880860649927
55,4327,0.4117059403784685,0.42934160696305834
55,4428,0.7472423710305286,1.0866317914202421
55,4473,1.4026913793353277,0.4987369177665141
55,4527,0.43597401853299156,0.6376182736086746
9,390,1.362563556255769,0.7121788186180281
9,391,0.531683905708951,0.33492391927365905
9,392,1.3326853121706124,0.8170852146019505
9,393,1.2560848422846054,0.8708294841951689
9,394,1.3003363230619116,1.048891724095979
12,575,-0.19686049146772894,1.5046254542990158
12,576,1.4056003413206184,0.4530832728692703
12,577,0.9352829421499931,0.9373758016725252
13,607,-0.42542757738215975,0.508011232769169
13,608,-0.5550573402586714,0.5510837525064374
13,609,1.04459537036979,0.2739203025322686
13,610,-0.9180712746493277,0.8415544386207401
13,611,0.5436917329054265,0.48904444163679717
13,612,-0.7774598955704619,0.7432659747198055
13,613,-0.49372002324541686,1.0992308690928894
13,614,0.4018009164206753,1.0860323071763487
13,615,0.3672297410457997,0.7772554956841051
13,616,-0.7377335566330323,0.32880314860255694
13,617,-0.28831460667133824,0.6429604842514447
13,618,0.236562100559003,0.7426295504514079
37,2548,1.2600978739428594,0.964443920214801
37,2549,0.16779767701767379,1.1226392474842777
37,2550,-0.7874839218901171,0.1563403107993907
37,2551,1.0901432169492402,1.1450386748132595
37,2552,0.40583486662179885,1.170184428541822
37,2553,-1.0126293310262153,0.6293834506089928
37,2554,-0.5562360149466568,0.8664124492483805
37,2555,0.2917738331751433,1.0317023981942457
37,2556,-0.13375855488390445,0.562508543482785
37,2557,0.9058280424627678,0.9771614417894208
37,2558,-0.6860600665593377,0.8720804367779165
37,2559,0.27190129754385794,0.9462327476466943
37,2560,1.5486020964544724,0.8528443081443013
37,2561,0.027401763827988493,1.4164570929752107
37,2562,-0.06984295350812592,0.6237608001359998
37,2563,0.20104989633330686,1.6786069986583927
37,2564,1.2366366204728292,0.7398848443060526
37,2565,0.6125279289730011,0.9254463600002807
48,4821,-1.2001911460697643,0.5414080905532177
48,4822,0.8086792268252349,0.7496182123252826
48,4823,-0.8375590192829938,1.4184218992852613
5,290,-0.3391826059865879,0.629331034286928
5,291,-0.4480178179542863,0.84084045409376
5,292,0.3022701652202383,1.394713270332534
5,293,-0.3394811593065688,1.0021466127881788
5,294,-1.0528108178456899,0.7800437750094723
5,295,-1.0642651427698768,0.8935254309415342
5,296,-0.3414222408980221,0.6420153936516719
5,297,0.5541218834562667,1.478071058497227
5,298,-1.1540027081413022,0.1721430618476903
5,299,-0.6703844219884083,1.1727363128363202
5,300,-0.7626338331065556,1.0082516929825798
5,301,-0.09700613923119075,0.5130354545043778
